Segregant,Seg.Fitness,s,QTL1_state,QTL2_state
LK2-G07,-0.019194571,-0.0932887955175,2,2
LK4-H03,0.02296139,-0.0855334986838,2,2
LK1-D12,-0.057403752,-0.118563226596,2,2
LK2-B07,-0.00378999,-0.08611986256439999,2,2
LK3-F10,0.031324745,-0.0662842584013,2,2
LK5-A05,0.006670793,-0.148731440421,2,2
LK3-H06,0.010126796,-0.103773285934,2,2
LK5-F07,0.057171065,-0.120246676412,2,2
LK1-C07,0.00115568,-0.08996304179060001,2,2
